,,,,,
,,,,,
,,,,,
Ref,Departments,SL,Sub Department,Designation,Remarks
A,Production OSD (Oral Solid Dossage),1,Compression Operator,Jr Opertor,A. Drop Down 2 for each line of Drop Down 1 from SL 1 to SL 9
,,2,Granulation Operator,Operator,
,,3,Coating operator,Technical Associate,
,,4,Capsule Filling operator,Senior Technical Associate,
,,5,Wruster Coating Operator,Officer,
,,6,PPIC,Senior Officer,
,,7,Production QMS,Management Associate,
,,8,Market Compliants,Supervisor,
,,9,Documentation,Others,
B,Production INJECTABLES,10,Autoclave,Jr Opertor,B. Drop Down 2 for each line of Drop Down 1 from SL 10 to SL 18
,,11,Washing,Operator,
,,12,Filling,Technical Associate,
,,13,Sealing,Senior Technical Associate,
,,14,Batch Manufacturing,Officer,
,,15,Lypolization Operation & PFS,Senior Officer,
,,16,Opthalmic 3 piece,Management Associate,
,,17,BFS Infusion BAG Filling operation,Supervisor,
,,18,Documentation,Others,
C,Packing,19,Bottle Packing,Operator,C. Drop Down 2 for each line of Drop Down 1 from SL 19 to SL 25
,,20,Blister Packing,Technical Associate,
,,21,Auto-Cantinator,Management Associate,
,,22,Primary & Secondary Packing,Senior Technical Associate,
,,23,Packing QMS,Supervisor,
,,24,Bulk Packing,Others,
,,25,PPIC Packing,,
D,Quality Assurance,26,IPQA,Jr Executive,D. Drop Down 2 for each line of Drop Down 1 from SL 26 to SL 38
,,27,AQA,Executive,
,,28,QMS,Sr Executive,
,,29,CQA,Asst Manager,
,,30,MQA,Deputy Manager,
,,31,Market Compliants,Manager,
,,32,Validations,Associate Manager,
,,33,Documentation,Sr Manager,
,,34,Equipment Qualification,AGM / DGM,
,,35,Process Validation,GM,
,,36,Cleaning Validation,VP / Sr VP,
,,37,QA CSV,Others,
,,38,DQA,,
E,Quality Control,39,Finished Products,Jr Executive,E. Drop Down 2 for each line of Drop Down 1 from SL 39 to SL 47
,,40,In- Process,Executive,
,,41,Stability,Sr Executive,
,,42,IPQC,Asst Manager,
,,43,Instruments,Deputy Manager,
,,44,Documentation,Manager,
,,45,QC Microbiology,Associate Manager,
,,46,QC ELISA,Sr Manager,
,,47,QC Data Reviewer,AGM / DGM,
,,,,GM,
,,,,VP / Sr VP,
,,,,Others,
,,,,,
F,Engineering,48,Process Maintenance,Jr Executive,F. Drop Down 2 for each line of Drop Down 1 from SL 48 to SL 56
,,49,Process Instrumentation,Executive,
,,50,Electrical,Sr Executive,
,,51,Mechanical,Asst Manager,
,,52,Engineering QMS,Deputy Manager,
,,53,Process Maintenance - Packing Maintenance,Manager,
,,54,Civil,Associate Manager,
,,55,Water Systems,Sr Manager,
,,56,HVAC & Utility,AGM / DGM,
,,,,GM,
,,,,VP / Sr VP,
,,,,Others,
,Research and Development,57,Process R&D,Research Associate,
,,58,Synthesis R&D,Senior Research Associate,
,,,,Research Scientist,
G,,,,"Scientsit 1,2,3,4",
,,,,Principal Scientist,
,,,,Senior Principal Scientist,
,,,,Associate Director,
,,,,Others,
H,Analytical Research and Development (AR&D),,,Officer,
,,,,Executive,
,,,,Assistant Manager,
,,,,Dy. Manager,
,,,,Manager,
,,59,Method Development & Method Validation,Sr. Manager,
,,,,AGM / DGM,
,,,,General Manager,
,,,,VP / Sr VP,
,,,,others,
,,,,,
,,,,,
I,Formulation Research and Development (FR&D),60,OSD,Research Associate,
,,61,Injectables,Research Scientist,
,,62,Opthalmics,Senior Research Scientist,
,,63,Complex Inejctables,Manager,
,,,,Senior Manager,
,,,,AGM / DGM,
,,,,General Manager,
,,,,VP / Sr VP,
,,,,Director,
,,,,others,
,,,,,
,,,,,
J,Stores & Warehouse & Logistics,,,Officer,
,,,,Executive,
,,,,Senior Executive,
,,,,Assistant Manager,
,,,,Dy.Manager,
,,64,,Manager,
,,,,Senior Manager,
,,,,AGM / DGM,
,,,,General Manager,
,,,,VP / Sr VP,
,,,,Director,
,,,,Others,
K,Safety,,,Officer,
,,,,Executive,
,,,,Senior Executive,
,,,,Assistant Manager,
,,,,Dy.Manager,
,,,,Manager,
,,65,,Senior Manager,
,,,,AGM / DGM,
,,,,General Manager,
,,,,VP / Sr VP,
,,,,Director,
,,,,Others,
L,Regulatory Affairs,66,CMC,Research Associate,
,,67,Labelling,Research Scientist,
,,68,Post Approval,Senior Research Scientist,
,,69,Documentation,Manager,
,,,,Senior Manager,
,,,,AGM / DGM,
,,,,General Manager,
,,,,VP / Sr VP,
,,,,Director,
,,,,others,
,,,,,
,,,,,
M,Sales & Marketing,70,API,Officer,
,,71,OSD,Executive,
,,72,Injectables,Senior Executive,
,,73,Domestic,Assistant Manager,
,,74,US,Dy.Manager,
,,75,Eu,Manager,
,,,,Senior Manager,
,,,,AGM / DGM,
,,,,General Manager,
,,,,VP / Sr VP,
,,,,Director,
,,,,Others,
N,International Business Development,,,Officer,
,,,,Executive,
,,,,Senior Executive,
,,,,Assistant Manager,
,,,,Dy.Manager,
,,,,Manager,
,,76,,Senior Manager,
,,,,AGM / DGM,
,,,,General Manager,
,,,,VP / Sr VP,
,,,,Director,
,,,,Others,
O,Purchase & Procurement,77,Raw Material,Officer,
,,78,Packing Material,Executive,
,,79,Capex,Senior Executive,
,,80,Opex,Assistant Manager,
,,81,Direct Material,Dy.Manager,
,,82,Indirect Material,Manager,
,,83,Engineering,Senior Manager,
,,,,AGM / DGM,
,,,,General Manager,
,,,,VP / Sr VP,
,,,,Director,
,,,,Others,
P,Supply Chain Management ,84,Supply Planning,Officer,
,,85,Demand Planning,Executive,
,,86,New Product Launches,Senior Executive,
,,87,Third Party Manufacturing,Assistant Manager,
,,,,Dy.Manager,
,,,,Manager,
,,,,Senior Manager,
,,,,AGM / DGM,
,,,,General Manager,
,,,,VP / Sr VP,
,,,,Director,
,,,,Others,
Q,Operational Excellence,,,Officer,
,,,,Executive,
,,,,Senior Executive,
,,,,Assistant Manager,
,,,,Dy.Manager,
,,88,,Manager,
,,,,Senior Manager,
,,,,AGM / DGM,
,,,,General Manager,
,,,,VP / Sr VP,
,,,,Director,
,,,,Others,
R,CROM ( BD & SCM),89,Front End,Officer,
,,90,Backend,Executive,
,,91,US ,Senior Executive,
,,92,Eu,Assistant Manager,
,,93,Canada,Dy.Manager,
,,94,Others,Manager,
,,,,Senior Manager,
,,,,AGM / DGM,
,,,,General Manager,
,,,,VP / Sr VP,
,,,,Director,
,,,,Others,
S,Finance & Accounts,95,Accounts Payable,Officer,
,,96,Accounts Receivables,Executive,
,,97,General Ledger,Senior Executive,
,,98,BRS,Assistant Manager,
,,99,Costing ,Dy.Manager,
,,100,Pricing,Manager,
,,101,Finance Analysst,Senior Manager,
,,,,AGM / DGM,
,,,,General Manager,
,,,,VP / Sr VP,
,,,,Director,
,,,,Others,
T,HR ,102,Recruitement,Officer,
,,103,Payroll,Executive,
,,104,HR Operations,Senior Executive,
,,105,International HR,Assistant Manager,
,,,,Dy.Manager,
,,,,Manager,
,,,,Senior Manager,
,,,,AGM / DGM,
,,,,General Manager,
,,,,VP / Sr VP,
,,,,Director,
,,,,Others,
U,Information Technology (IT),,,Officer,
,,,,Executive,
,,,,Senior Executive,
,,,,Assistant Manager,
,,,,Dy.Manager,
,,106,,Manager,
,,,,Senior Manager,
,,,,AGM / DGM,
,,,,General Manager,
,,,,VP / Sr VP,
,,,,Director,
,,,,Others,
V,Packagiing Development,107,OSD,Research Associate,
,,108,Injectables,Senior Research Associate,
,,109,Opthalmics,Research Scientist,
,,,,Group Leader,
,,,,Principal Scientist,
,,,,AGM / DGM,
,,,,General Manager,
,,,,VP / Sr VP,
,,,,Ddirector,
,,,,Otherss,
,,,,,
,,,,,
W,Learning & Development,,,Officer,
,,,,Executive,
,,,,Senior Executive,
,,,,Assistant Manager,
,,,,Dy.Manager,
,,110,,Manager,
,,,,Senior Manager,
,,,,AGM / DGM,
,,,,General Manager,
,,,,VP / Sr VP,
,,,,Director,
,,,,Others,
X,Project Managemetn (PMT),,,Officer,
,,,,Executive,
,,,,Senior Executive,
,,,,Assistant Manager,
,,,,Dy.Manager,
,,111,,Manager,
,,,,Senior Manager,
,,,,AGM / DGM,
,,,,General Manager,
,,,,VP / Sr VP,
,,,,Director,
,,,,Others,
Y,Legal,,,Officer,
,,,,Executive,
,,,,Senior Executive,
,,,,Assistant Manager,
,,,,Dy.Manager,
,,,,Manager,
,,112,,Senior Manager,
,,,,AGM / DGM,
,,,,General Manager,
,,,,VP / Sr VP,
,,,,Director,
,,,,Others,
Z,IPR & IPM,,,Officer,
,,,,Executive,
,,,,Senior Executive,
,,,,Assistant Manager,
,,,,Dy.Manager,
,,113,,Manager,
,,,,Senior Manager,
,,,,AGM / DGM,
,,,,General Manager,
,,,,VP / Sr VP,
,,,,Director,
,,,,Others,
,Investor Relations,,,Officer,
,,,,Executive,
,,,,Senior Executive,
,,,,Assistant Manager,
,,,,Dy.Manager,
,,,,Manager,
,,114,,Senior Manager,
,,,,AGM / DGM,
,,,,General Manager,
,,,,VP / Sr VP,
,,,,Director,
,,,,Others,
,Bio Pharmaceutical Specialist,,,Officer,
,,,,Executive,
,,,,Senior Executive,
,,,,Assistant Manager,
,,,,Dy.Manager,
,,,,Manager,
,,115,,Senior Manager,
,,,,AGM / DGM,
,,,,General Manager,
,,,,VP / Sr VP,
,,,,Director,
,,,,Others,
,Toxicologist,,,Officer,
,,,,Executive,
,,,,Senior Executive,
,,,,Assistant Manager,
,,,,Dy.Manager,
,,,,Manager,
,,116,,Senior Manager,
,,,,AGM / DGM,
,,,,General Manager,
,,,,VP / Sr VP,
,,,,Director,
,,,,Others,
,Treasury Managemetn,,,Officer,
,,,,Executive,
,,,,Senior Executive,
,,,,Assistant Manager,
,,,,Dy.Manager,
,,117,,Manager,
,,,,Senior Manager,
,,,,AGM / DGM,
,,,,General Manager,
,,,,VP / Sr VP,
,,,,Director,
,,,,Others,
,CSV IT QA,,,Officer,
,,,,Executive,
,,,,Senior Executive,
,,,,Assistant Manager,
,,,,Dy.Manager,
,,,,Manager,
,,118,,Senior Manager,
,,,,AGM / DGM,
,,,,General Manager,
,,,,VP / Sr VP,
,,,,Director,
,,,,Others,